Reporter,Item,Year,Total_export_t,HHI,Eff_partners,N,Top
Brazil,Rice,2015,219422.3,0.4321,2.31,9,0.547
Brazil,Rice,2017,100172.2,0.6177,1.62,11,0.755
Brazil,Rice,2018,717272.4,0.585,1.71,30,0.743
Brazil,Rice,2019,269164.7,0.8575,1.17,38,0.924
Brazil,Rice,2021,234762.7,0.2565,3.9,38,0.353
Brazil,Rice,2022,939774.6,0.3016,3.32,43,0.484
Brazil,Wheat,2015,1778872.8,0.1859,5.38,19,0.29
Brazil,Wheat,2017,617643.5,0.2558,3.91,11,0.406
Brazil,Wheat,2022,3072779.2,0.1278,7.82,28,0.206
India,Rice,2015,200208.4,0.8256,1.21,40,0.908
India,Rice,2016,103803.1,0.7479,1.34,41,0.862
India,Rice,2021,691012.9,0.9306,1.07,48,0.964
India,Rice,2022,460635.2,0.9389,1.07,33,0.969
India,Wheat,2017,201956.2,0.6153,1.63,45,0.777
India,Wheat,2018,168314.9,0.4412,2.27,52,0.638
India,Wheat,2019,190058.1,0.7027,1.42,55,0.835
India,Wheat,2020,928683.8,0.2864,3.49,61,0.408
India,Wheat,2021,6090607.4,0.3835,2.61,69,0.602
India,Wheat,2022,6798598.3,0.1666,6.0,65,0.348
Russian Federation,Rice,2018,37229.9,0.6305,1.59,12,0.78
Russian Federation,Rice,2019,64373.2,0.9588,1.04,11,0.979
Russian Federation,Rice,2020,61903.2,0.967,1.03,9,0.983
Russian Federation,Rice,2021,41566.7,0.95,1.05,10,0.975
Russian Federation,Wheat,2015,21234225.2,0.0865,11.57,76,0.214
Russian Federation,Wheat,2016,25326784.3,0.0831,12.04,88,0.23
Russian Federation,Wheat,2017,33014546.1,0.0846,11.82,85,0.237
Russian Federation,Wheat,2018,43965626.4,0.0769,13.01,105,0.218
Russian Federation,Wheat,2019,31873169.7,0.1005,9.95,96,0.221
Russian Federation,Wheat,2020,37267013.7,0.1052,9.51,89,0.221
Russian Federation,Wheat,2021,27263087.4,0.1138,8.79,87,0.246
Ukraine,Wheat,2015,13449130.1,0.0658,15.2,64,0.134
Ukraine,Wheat,2016,17920944.9,0.081,12.34,63,0.134
Ukraine,Wheat,2017,17313174.1,0.0759,13.17,66,0.154
Ukraine,Wheat,2018,16373388.6,0.0711,14.06,70,0.159
Ukraine,Wheat,2019,20022073.2,0.0843,11.86,73,0.177
Ukraine,Wheat,2020,18055672.7,0.0807,12.39,63,0.17
Ukraine,Wheat,2021,19394934.7,0.0776,12.89,65,0.175
Ukraine,Wheat,2022,11223216.3,0.0822,12.16,66,0.189
United States of America,Rice,2019,1580927.7,0.2698,3.71,25,0.486
United States of America,Rice,2020,1373226.4,0.1931,5.18,24,0.38
United States of America,Rice,2021,1507146.6,0.2573,3.89,32,0.449
United States of America,Rice,2022,962612.8,0.2025,4.94,30,0.36
United States of America,Wheat,2015,21268639.8,0.0629,15.89,73,0.13
United States of America,Wheat,2016,24041521.9,0.0569,17.58,68,0.115
United States of America,Wheat,2017,27299074.6,0.0596,16.77,79,0.136
United States of America,Wheat,2018,22498925.8,0.0627,15.94,70,0.127
United States of America,Wheat,2019,27068496.4,0.0585,17.09,80,0.132
United States of America,Wheat,2020,26130975.6,0.0653,15.31,72,0.129
United States of America,Wheat,2021,24013666.2,0.0811,12.33,68,0.173
United States of America,Wheat,2022,20916500.3,0.0746,13.41,72,0.189
Viet Nam,Rice,2016,841.9,0.5087,1.97,3,0.568
Brazil,Rice,2020,518496.0,0.2382,4.2,49,0.386
India,Rice,2017,167297.4,0.8571,1.17,41,0.925
India,Rice,2018,242593.9,0.8277,1.21,46,0.909
India,Rice,2019,247390.3,0.899,1.11,48,0.948
India,Rice,2020,414411.8,0.9097,1.1,55,0.953
Russian Federation,Rice,2016,110664.0,0.7137,1.4,9,0.84
Thailand,Rice,2015,2.3,0.2504,3.99,46,0.478
Thailand,Rice,2016,9.9,0.2321,4.31,42,0.314
Thailand,Rice,2017,22.9,0.7905,1.27,38,0.884
Thailand,Wheat,2018,35.9,0.4761,2.1,12,0.669
Viet Nam,Rice,2015,9240.9,0.874,1.14,4,0.933
Viet Nam,Rice,2017,935.3,0.7441,1.34,4,0.85
Viet Nam,Rice,2019,1356.2,0.4888,2.05,5,0.669
Viet Nam,Rice,2020,1627.2,0.4283,2.33,5,0.525
Viet Nam,Rice,2021,1451.3,0.5214,1.92,5,0.64
Viet Nam,Rice,2022,1352.5,0.5002,2.0,2,0.511
Viet Nam,Wheat,2015,14856.7,0.858,1.17,3,0.925
Viet Nam,Wheat,2016,29484.8,0.5277,1.9,3,0.633
Viet Nam,Wheat,2017,32855.2,0.3446,2.9,5,0.441
Viet Nam,Wheat,2018,34431.5,0.4006,2.5,7,0.591
Viet Nam,Wheat,2019,32057.0,0.9669,1.03,4,0.983
Viet Nam,Wheat,2020,39472.8,0.696,1.44,5,0.827
Viet Nam,Wheat,2021,35625.4,0.8889,1.12,4,0.942
Viet Nam,Wheat,2022,26798.2,0.9564,1.05,5,0.978
Brazil,Wheat,2019,563643.1,0.3556,2.81,14,0.44
Brazil,Wheat,2020,560878.5,0.3032,3.3,18,0.501
Brazil,Wheat,2021,1129348.6,0.2016,4.96,21,0.282
India,Wheat,2015,602899.7,0.3757,2.66,50,0.568
India,Wheat,2016,198965.3,0.544,1.84,43,0.721
Russian Federation,Rice,2017,33200.6,0.7363,1.36,10,0.851
Thailand,Wheat,2017,4.4,0.3149,3.18,11,0.396
Thailand,Wheat,2021,16.1,0.8096,1.24,7,0.896
Viet Nam,Rice,2018,875.1,0.9914,1.01,2,0.996
Thailand,Rice,2018,11.8,0.78,1.28,19,0.876
Ukraine,Rice,2020,404.5,0.8178,1.22,6,0.899
Brazil,Wheat,2016,713313.3,0.2287,4.37,11,0.315
Brazil,Wheat,2018,221248.6,0.3757,2.66,7,0.496
Russian Federation,Rice,2015,54216.3,0.8765,1.14,4,0.934
Ukraine,Rice,2017,22.8,0.9349,1.07,4,0.967
Ukraine,Rice,2019,0.7,0.7141,1.4,5,0.833
United States of America,Rice,2016,1858388.5,0.2219,4.51,26,0.405
Thailand,Wheat,2015,2202.2,0.9889,1.01,12,0.994
United States of America,Rice,2018,1353355.0,0.278,3.6,21,0.485
Brazil,Rice,2016,190910.8,0.4107,2.43,6,0.541
Thailand,Rice,2020,0.1,0.68,1.47,8,0.8
Thailand,Rice,2021,0.1,0.7222,1.38,4,0.833
Thailand,Wheat,2016,36.5,0.525,1.9,12,0.711
Thailand,Wheat,2019,21.9,0.6582,1.52,8,0.804
Thailand,Wheat,2020,9.3,0.7683,1.3,5,0.868
Thailand,Wheat,2022,35.5,0.5161,1.94,9,0.675
Ukraine,Rice,2016,153.8,0.9964,1.0,3,0.998
United States of America,Rice,2015,1622896.8,0.2132,4.69,19,0.407
United States of America,Rice,2017,1568107.0,0.2816,3.55,24,0.489
Ukraine,Rice,2021,3148.6,0.7598,1.32,3,0.86
Ukraine,Rice,2018,0.0,1.0,1.0,1,1.0
Ukraine,Rice,2022,22.0,1.0,1.0,1,1.0
Thailand,Rice,2022,0.0,1.0,1.0,1,1.0
