Country,Year,Theta,I,Kappa,V_energy
China,2010,1.0,,0.9787234042553191,
China,2015,1.0,0.30722891566265065,1.0,1.0
China,2020,1.0,0.24470669906282538,1.0,0.7323982705735299
China,2021,1.0,0.03260869565217395,1.0,1.0
China,2022,1.0,0.030612244897959218,1.0,0.8262673464309283
Russia,2010,0.0,,0.0,
Russia,2015,0.0,0.007230130307863569,0.0,0.0
Russia,2020,0.33134684147795,0.0086841090445256,0.0,0.13253873659118
Russia,2021,0.3527042577675491,0.013519713473833739,0.0,0.15883022951645082
Russia,2022,0.3134146341463414,0.01490015360983099,0.0,0.12536585365853656
Saudi Arabia,2010,0.6502164502164502,,0.21276595744680837,
Saudi Arabia,2015,0.5004476275738585,0.26948051948051943,0.19371727748691103,0.55456839654564
Saudi Arabia,2020,0.6865315852205007,0.11274509803921573,0.2857142857142858,0.38237012439978535
Saudi Arabia,2021,0.7025316455696202,0.012499999999999956,0.1870824053452116,0.327783259564151
Saudi Arabia,2022,0.6585365853658538,0.046098399128321255,0.08235294117647052,0.6340028694404591
United States,2010,0.45974025974025967,,1.0,
United States,2015,0.4843330349149506,0.055381756233544965,0.9141361256544502,0.47844436974380505
United States,2020,0.0,1.011228287841191,0.5816326530612245,0.4954081632653061
United States,2021,0.0,0.02933853159912203,0.465478841870824,0.409451179382154
United States,2022,0.0,0.03402202152666084,0.4235294117647058,0.32040254981968075
