Country,Year,Theta,I,price_cv,stock_cv,Kappa,Theta_n,I_n,Kappa_n,V_food
China,2010,0.32935242203876336,,,,0.11584519166666721,0.0,,0.43366937864115096,
China,2011,0.3320609330270522,,,,0.10693790612890948,0.005395631845844831,,0.4003199078884328,
China,2012,0.3346654244572316,0.6470454217511976,,0.6470454217511976,0.12100646129056686,0.01058404605707313,0.3798743547528045,0.4529935161283235,0.2504380216183917
China,2013,0.33760836579981574,0.7724435779366857,,0.7724435779366857,0.12458229000754382,0.016446687226763335,0.47114548250554933,0.4663816571852198,0.28807500806395253
China,2014,0.3355606028367052,0.7148705781864658,,0.7148705781864658,0.13055915870717488,0.012367333255420849,0.42924093801178287,0.48875945197424364,0.27737112459985325
China,2015,0.3441769851574209,0.47580327349474627,,0.47580327349474627,0.1354852367057501,0.029532051082539472,0.2552356482071513,0.50720301633992,0.22794605139049873
China,2016,0.3425154156385591,0.3281004982382602,,0.3281004982382602,0.13664541287632465,0.02622203408470559,0.14773008927430145,0.5115467932520404,0.19008104319289787
China,2017,0.3384366251344314,0.3605958298560624,,0.3605958298560624,0.15132584595542378,0.018096664820280103,0.17138183706450913,0.5665113131984727,0.2088501372003084
China,2018,0.33838530515729015,0.6571677154082949,,0.6571677154082949,0.1421514855041734,0.017994430159173447,0.3872418726305087,0.5321618961682324,0.2757729015264055
China,2019,0.33627969554858483,0.9220148042702676,,0.9220148042702676,0.14458954007936317,0.013799839733374617,0.5800109947434949,0.5412901350019557,0.34384631780406194
China,2020,0.3345697502998011,1.070306456000432,,1.070306456000432,0.16954260792524806,0.010393453317044325,0.6879451677923305,0.6347160842195234,0.4036172111090143
China,2021,0.3397663239559381,1.4990411670869488,,1.4990411670869488,0.1823319182903714,0.020745561331213778,1.0,0.6826001146753928,0.5289482532013337
China,2022,0.3371260872517611,0.9187074527750242,,0.9187074527750242,0.16712340814241045,0.015485938865873159,0.5776037368536813,0.6256584389850994,0.3647702931914126
China,2023,0.3406173253666369,1.1722322913838796,,1.1722322913838796,0.18602702612242816,0.02244084347416213,0.7621319519171872,0.6964348446894862,0.44983123173305195
China,2024,0.3411925714637528,1.3848395967982854,,1.3848395967982854,0.1724779996423633,0.023586792733447732,0.9168783144150654,0.6457063864617427,0.49176872375408764
India,2010,0.4131691996319983,,,,0.000752775393962282,0.16697162254596112,,0.0027557008348301697,
India,2011,0.4307737004830692,,,,4.3867982315926665e-05,0.20204159487871176,,0.00010150423465733239,
India,2012,0.41414503928668955,0.40004689696758045,,0.40004689696758045,1.6757291172177917e-05,0.16891559528229363,0.20009632135877,0.0,0.13759995058848695
India,2013,0.41739296734683723,0.5479431913537485,,0.5479431913537485,8.42508562292056e-05,0.1753858012922081,0.30774273331326774,0.0002527004062376389,0.17792745227808632
India,2014,0.42065178210338683,0.46561152064901645,,0.46561152064901645,0.00010296126948184746,0.18187769471858728,0.24781757441481383,0.0003227534405650113,0.15956791729276099
India,2015,0.43331990704886914,0.46978894328633225,,0.46978894328633225,0.0019982658450373764,0.20711389965869312,0.2508581141388882,0.007418900099617042,0.17250062483699236
India,2016,0.4166397635719833,0.5479976910709606,,0.5479976910709606,0.007254097557310094,0.17388534207620915,0.30778240096711107,0.027097084348526992,0.18405224825610428
India,2017,0.4162250913725848,0.4464306666837645,,0.4464306666837645,0.017888701704305985,0.17305927249984954,0.23385677765413668,0.06691375110559766,0.16780201895528707
India,2018,0.4170306317329492,0.6005931370644324,,0.6005931370644324,0.0008728605812833721,0.17466399156515464,0.34606402979251394,0.0032053077802259625,0.1917893339984982
India,2019,0.4190624531887315,0.5864848562974895,,0.5864848562974895,0.0017084475938069028,0.17871158841792423,0.33579530866118795,0.006333801249687541,0.19059644371100734
India,2020,0.41333045293919957,0.4674203825668089,,0.4674203825668089,0.002202023407882391,0.1672928556823025,0.24913415571240244,0.008181781996008514,0.15615954227126397
India,2021,0.41795270483845215,0.44237336807176814,,0.44237336807176814,0.0018210175856584734,0.17650085581778668,0.230903670278309,0.006755270802333398,0.15310544462510617
India,2022,0.409839574902369,0.4473011691617371,,0.4473011691617371,0.001442634671075077,0.1603386683864322,0.2344903734365068,0.0053385799496896615,0.1475417430447727
India,2023,0.4200878069657802,0.35701137168521124,,0.35701137168521124,0.0022261684574890195,0.1807541983673107,0.16877288690457057,0.00827218267108128,0.1334402354312943
India,2024,0.415991096430571,0.20814721061566743,,0.20814721061566743,0.004135399204031596,0.1725931305619525,0.0604220125688609,0.0154204698425331,0.09404007408451559
Brazil,2010,0.3972499424714859,,,,0.04688292680361155,0.13525882859059313,,0.17547006243615706,
Brazil,2011,0.39786725164010756,,,,0.041618479206941277,0.13648857180498244,,0.15575961974178615,
Brazil,2012,0.40813700429103295,0.2916258605735228,0.15975984256951936,0.42349187857752624,0.048172401531513594,0.15694697300470956,0.12118200104636155,0.18029794176507816,0.1502669750093799
Brazil,2013,0.41252521512523005,0.2595108357867655,0.1750742743371801,0.3439473972363508,0.04546648736276964,0.1656887393204644,0.09780705982506543,0.1701668187593809,0.14304967135680388
Brazil,2014,0.41150590789184216,0.23488276231946512,0.17122413957113725,0.298541385067793,0.03730065261891823,0.16365817470656843,0.07988150088452584,0.13959338919913844,0.12832014249199603
Brazil,2015,0.4215031361031222,0.26821667544449596,0.12404332839457065,0.4123900224944213,0.028640311501596443,0.18357367925508036,0.10414361075824084,0.10716849481617573,0.13667185917146038
Brazil,2016,0.4281524630500429,0.36701312419298815,0.12631532906732182,0.6077109193186545,0.054383936453384026,0.1968198209112772,0.1760526688300586,0.20355434253142798,0.1912349480878884
Brazil,2017,0.43542810229771206,0.3641276018454441,0.12038315987255944,0.6078720438183288,0.03239500625112202,0.21131364094499377,0.17395243955374834,0.12122632222093291,0.17571539077704265
Brazil,2018,0.4406624052675943,0.35495071227880093,0.11411527793012677,0.5957861466274751,0.03543915293259001,0.2217409096240622,0.16727303464470827,0.1326238102985585,0.1803978785499124
Brazil,2019,0.43762608148170434,0.35964789601438646,0.10401875885557663,0.6152770331731963,0.03451321782190922,0.21569224104406345,0.17069188281480885,0.12915704752760357,0.17830831728470936
Brazil,2020,0.4363378899970438,0.5041006704959432,0.16733800929297724,0.8408633316989093,0.034144003109571344,0.21312603140776004,0.27583192661610983,0.12777468303525735,0.2137352576375568
Brazil,2021,0.444460229812181,0.624641380714904,0.42859589145324783,0.8206868699765604,0.04107177903535085,0.2293065658633411,0.36356755923201095,0.1537127378600192,0.25739945654154506
Brazil,2022,0.42431536652258706,0.7797937876935703,0.4141025433462982,1.1454850320408425,0.03380446000567178,0.18917593085189024,0.4764953373529982,0.1265034110226127,0.27406959316995866
Brazil,2023,0.4461925962030961,0.7029727963050254,0.3176884944509751,1.0882570981590758,0.018671155839312174,0.23275761749573573,0.4205811299004981,0.0698433115401564,0.2577672703485077
Brazil,2024,0.44414485848430557,0.6913910060198849,0.19455918861114319,1.1882228234286267,0.03183330321757541,0.22867831381366938,0.4121513164736011,0.11912326862401279,0.2655051034472313
United States of America,2010,0.48956583065066744,,,,0.006907665091460268,0.31916155163316423,,0.025800018105542354,
United States of America,2011,0.510521564936064,,,,0.0065002112079818744,0.3609075248827623,,0.02427448360768177,
United States of America,2012,0.46883897037571476,0.16350137366633055,0.1661888707467152,0.1608138765859459,0.011088269776567383,0.2778715189002474,0.027926511743445143,0.04145248069738975,0.13128600684465222
United States of America,2013,0.5210403449007337,0.2480226956225287,0.14328069903628274,0.35276469220877466,0.015353005701344844,0.38186201404754977,0.08944540969824454,0.05741993625818181,0.19840568307795095
United States of America,2014,0.5098618557453106,0.24088540102883427,0.12978424182308734,0.3519865602345812,0.011531098993300804,0.35959331647304327,0.08425052528777145,0.04311046280083739,0.18410262614014666
United States of America,2015,0.5012996167227974,0.3289260719856526,0.14146429860914256,0.5163878453621626,0.008628844694581443,0.3425364576523247,0.148330983651537,0.032244229261808297,0.1969914846544199
United States of America,2016,0.5175562043619703,0.374987120028657,0.20326306383407652,0.5467111762232374,0.007336689234777843,0.37492124853925557,0.1818565467717776,0.027406313093968335,0.22046986905931648
United States of America,2017,0.5168627159700666,0.4558344160609799,0.2046117147310675,0.7070571173908923,0.008748212623907214,0.3735397484943017,0.24070130262062056,0.032691150745462055,0.24183414300130338
United States of America,2018,0.5025458758527754,0.3760167009401443,0.12875285283386811,0.6232805490464205,0.008175936598024803,0.34501913373485094,0.18260592789318056,0.03054851116051263,0.20955685604668173
United States of America,2019,0.5199508341043519,0.3575798538974424,0.04308231152626335,0.6720773962686215,0.006527994882028002,0.379691596731627,0.16918665704438798,0.024378507535182094,0.2171865955419821
United States of America,2020,0.5071964082110337,0.35846745643876493,0.042537419833085045,0.6743974930444449,0.005648013323383543,0.3542834714469173,0.1698326991187457,0.02108379792600386,0.20642578275182888
United States of America,2021,0.5243849604106182,0.6750964100936802,0.5001301667330662,0.8500626534542941,0.004779240695911733,0.3885248313797551,0.4002912844627628,0.01783105530224749,0.2999696459394309
United States of America,2022,0.5117999942130069,0.6492405774039867,0.44260283241015147,0.8558783223978218,0.005332418670588846,0.36345428719945916,0.3814721001911545,0.019902190510537474,0.2838724975743221
United States of America,2023,0.5291023233779975,0.5249870072848123,0.37984892647505697,0.6701250880945676,0.007365770781070587,0.3979223025235887,0.2910340601349146,0.027515196341667367,0.26790964114207244
United States of America,2024,0.5089198548544275,0.49037642542619253,0.32958993110171336,0.6511629197506716,0.0065928489621053625,0.35771675402687264,0.2658427261112929,0.024621325533725657,0.24228698713313299
Russian Federation,2010,0.7896244044521917,,,,0.02452805681466283,0.9169090237396479,,0.09177193917323809,
Russian Federation,2011,0.7403777354767549,,,,0.016787489179471142,0.818804605269661,,0.06279073801324411,
Russian Federation,2012,0.630838843293621,0.1518629906529597,0.10021991527676954,0.20350606602914983,0.02226772990023967,0.600591890764383,0.01945550726330369,0.08330912454754767,0.2678734649847964
Russian Federation,2013,0.6512147660299487,0.2683939408264294,0.15501830956599713,0.3817695720868617,0.030956703853975084,0.6411828199058818,0.10427263347925005,0.115841222178514,0.3219288552247187
Russian Federation,2014,0.6675307280688444,0.3737488045660663,0.15485525042079912,0.5926423587113334,0.032213752538959375,0.6736858906902758,0.1809552380745657,0.12054769624145055,0.36294561366257094
Russian Federation,2015,0.644489611446721,0.486011057983666,0.19593133339470745,0.7760907825726245,0.03227011180480961,0.6277856218164558,0.26266539064118316,0.12075870908932096,0.37323681272332665
Russian Federation,2016,0.6523578950540658,0.5233921075176593,0.19842720498747637,0.8483570100478423,0.030334513152497647,0.6434600502339496,0.28987321132478283,0.11351169872116244,0.3872175687375444
Russian Federation,2017,0.7037219375978256,0.42374871913360884,0.1311466660022613,0.7163507722649564,0.024055191348878097,0.7457824941445537,0.2173477077004359,0.09000149935132931,0.3968850701908064
Russian Federation,2018,0.6813878312390861,0.5301754463104487,0.10738154980854697,0.9529693428123504,0.02881039998616877,0.7012906622713392,0.2948104687803951,0.10780531743936143,0.41065125834151434
Russian Federation,2019,0.6500355709330095,0.5850063895057613,0.05805624882307197,1.1119565301884506,0.02336734635128163,0.6388337422595219,0.334719205666289,0.08742616183323719,0.3945417593453192
Russian Federation,2020,0.6855556153283621,0.5678563711947517,0.12443032896689477,1.0112824134226088,0.021515900083438486,0.709593315890223,0.32223655392848605,0.08049422360155821,0.41674367613144886
Russian Federation,2021,0.6402917232115186,0.8187851624995394,0.24618827994698697,1.3913820450520917,0.02180452175604745,0.6194229976494905,0.504875234310228,0.08157484238137296,0.4448692416637192
Russian Federation,2022,0.6912871298049181,0.7526579826533291,0.23813960805169282,1.2671763572549652,0.013743751135596144,0.7210110809162251,0.45674452439177815,0.05139477990200369,0.4611137108791133
Russian Federation,2023,0.6637003568605048,0.747306145448556,0.18104388625274231,1.3135684046443696,0.012341865133205744,0.666055398156745,0.4528491862776659,0.04614602526882363,0.43645588077708697
Russian Federation,2024,0.6433515062187475,0.6201280734891071,0.12049457130760853,1.1197615756706059,0.01300987041362222,0.6255183994058663,0.3602825456965347,0.04864708156341263,0.3884680211469868
Ukraine,2010,0.4579159918710774,,,,0.0009204284530686673,0.2561118247635313,,0.003383405062742415,
Ukraine,2011,0.4524972129632354,,,,0.001062535099694571,0.2453170610844605,,0.003915461819576826,
Ukraine,2012,0.4492652231589307,0.35988771914126144,0.11671219516599197,0.6030632431165309,0.0013103926760745803,0.2388786057158265,0.1708664382302704,0.00484345710605167,0.15656555994343818
Ukraine,2013,0.46372841168307366,0.34203784773513357,0.1055775168399687,0.5784981786302984,0.0009548082232577988,0.26769076152052773,0.1578743979719679,0.0035121252138532594,0.16321037520186318
Ukraine,2014,0.4405835045932355,0.363682666239281,0.20788531381000722,0.5194800186685549,0.0010522303171025579,0.22158373138366744,0.17362859288975283,0.003876880026705282,0.15037272007155678
Ukraine,2015,0.4356993995299109,0.5306830422057333,0.4028217905576816,0.6585442938537849,0.0006063154161656187,0.211854092873035,0.29517992277568955,0.002207344915928851,0.18860644634968757
Ukraine,2016,0.4344686342005811,0.5410977104104303,0.42277841806493616,0.6594170027559244,0.000688792611821391,0.20940228203142983,0.30276024565386084,0.0025161450338355685,0.19035603504988213
Ukraine,2017,0.4357937644999602,0.5354759051489488,0.36858913527005543,0.7023626750278422,0.0009138451722221219,0.21204207757744709,0.2986684111179308,0.0033587568204560157,0.19019046412736862
Ukraine,2018,0.45214886473393384,0.5701732653046242,0.25591092417093453,0.8844356064383139,0.0007243772460772825,0.24462311566293915,0.32392290678026925,0.002649376276320444,0.21188460770735001
Ukraine,2019,0.45538724610140613,0.6272265863672398,0.108282862621623,1.1461703101128566,0.0006120229814830442,0.2510743036813282,0.3654492028106648,0.0022287144209049564,0.2288941210614902
Ukraine,2020,0.4585944318023922,0.5144659960379214,0.10545258481782428,0.9234794072580186,0.001021098506580754,0.2574633467306648,0.2833763354058315,0.003760320453075916,0.20310713619757595
Ukraine,2021,0.4656677519920609,0.8694360102211532,0.20025528971892498,1.5386167307233816,0.00048444006397408215,0.2715541264381325,0.5417414860463858,0.0017510354739378351,0.2986689295599725
Ukraine,2022,0.4444486894993933,0.7050700500127218,0.22541582855538472,1.184724271470059,0.000572852074723353,0.22928357637595956,0.4221076173458313,0.002082055935129208,0.23997161060520708
Ukraine,2023,0.44086986492492025,0.5895149153432264,0.2647303256895429,0.9142995049969099,0.0009164333236457549,0.22215419055171431,0.33800073906522626,0.00336844703189475,0.2080040466514886
Ukraine,2024,0.4053988557737798,0.4633038495064474,0.20773892043009287,0.7188687785828018,0.00021283635690810606,0.15149230015965767,0.2461379345056497,0.0007341330914184164,0.14692873041369509
Thailand,2010,0.7782165646352888,,,,0.09011952120668341,0.8941834361106807,,0.337350753739937,
Thailand,2011,0.7835417681613404,,,,0.08086296271930764,0.9047917880261817,,0.30269358178367856,
Thailand,2012,0.7996881776381817,0.6555015375937983,0.008924603907941519,1.302078471279655,0.09942269718847259,0.9369570927068674,0.38602914404827365,0.3721824647024857,0.6029386536752642
Thailand,2013,0.7957808094119521,0.5016772416687955,0.015092887363019428,0.9882615959745715,0.07820054957010492,0.9291732142119878,0.27406803240258487,0.2927253294946271,0.5407744293993567
Thailand,2014,0.7896671298267433,0.42354504887549305,0.038331222752632815,0.8087588749983533,0.07889722698436555,0.9169941370703867,0.21719946617349972,0.29533373616941894,0.5166509020312343
Thailand,2015,0.7601894008567268,0.3123956226905306,0.04974599923632669,0.5750452461447345,0.17462052985701035,0.8582714758511728,0.1362992856160921,0.6537281623919409,0.5544453809040866
Thailand,2016,0.7659280207495122,0.29646502650747175,0.06273755222956645,0.530192500785377,0.189558577700042,0.8697033955954871,0.12470419104986416,0.7096572091853927,0.5689421274019955
Thailand,2017,0.7682014594118066,0.30176855065458746,0.07004848310651489,0.53348861820266,0.13287822528750953,0.8742323187192588,0.12856436447422576,0.49744219182429517,0.5190510030097564
Thailand,2018,0.7681695601993304,0.2693826571018551,0.04854907852750419,0.490216235676206,0.13030490595114208,0.8741687722143937,0.10499227124929916,0.4878075127088894,0.5083666820002345
Thailand,2019,0.7773781573131903,0.29738261965838264,0.055180572799551075,0.5395846665172142,0.1534558659772888,0.8925132426846751,0.1253720618084896,0.5744862501330501,0.5445070812401039
Thailand,2020,0.7599967429951922,0.25954842925335214,0.06954280013807532,0.449554058368629,0.19539454471626178,0.8578876816197507,0.09783442225363595,0.7315074586801723,0.560273985106716
Thailand,2021,0.7711636404375909,0.1251329085498788,0.07176715430463858,0.178498662795119,0.1872025992917438,0.8801332873123293,0.0,0.700836268991153,0.52726238217272
Thailand,2022,0.7802312409738351,0.16125003741232705,0.09096138715808962,0.2315386876665645,0.1400786657033443,0.8981968781304226,0.026287875218761383,0.5244011206737929,0.49957978774718376
Thailand,2023,0.7881270455636882,0.1683269999458353,0.11609400872211721,0.22055999116955338,0.1783473872361671,0.9139261311693753,0.031438846900847174,0.6676817648265865,0.5434944900896932
Thailand,2024,0.7886654330469437,0.15140786832376366,0.09370556936887897,0.20911016727864834,0.20647736673517983,0.914998654287287,0.019124246186468297,0.7730022830248885,0.5659435186364008
Viet Nam,2010,0.8040463416818764,,,,0.08379341717269922,0.9456390027324315,,0.3136653985814319,
Viet Nam,2011,0.8071041863233536,,,,0.0813809971289026,0.9517305430653078,,0.3046331371418688,
Viet Nam,2012,0.8108665419383072,0.25506970992884515,0.11913678026717002,0.39100263959052023,0.09834711810836563,0.9592255415568082,0.09457458354411694,0.3681554249357453,0.5088301770971005
Viet Nam,2013,0.80584507292439,0.2436975091729242,0.10104867046999798,0.3863463478758504,0.10589211710093986,0.9492222599598109,0.08629731998939459,0.3964044040624978,0.5089940669958369
Viet Nam,2014,0.8090863497256825,0.338953877482115,0.0952634370430909,0.582644317921139,0.14276574042796003,0.9556792159795097,0.15562972826141358,0.5344617075449644,0.5703575181695397
Viet Nam,2015,0.8074362463883981,0.34882865572534477,0.0205651412076453,0.6770921702430442,0.18673132383901134,0.9523920407920788,0.1628170918876752,0.6990717822840914,0.6127107440485406
Viet Nam,2016,0.801301990302186,0.34302272691345576,0.016666256807267504,0.669379197019644,0.23323444967506948,0.9401719731488444,0.15859124290844923,0.8731825849978435,0.6498713705269559
Viet Nam,2017,0.8058866049405528,0.23567738743278124,0.025574228466545387,0.4457805463990171,0.22658915864591747,0.9493049959981725,0.08045986927876073,0.8483021724545857,0.6199584957604817
Viet Nam,2018,0.8178686868376935,0.2883829036357889,0.026973063491605907,0.5497927437799719,0.2508452885161697,0.9731745327817682,0.11882161277619642,0.9391187394382177,0.6656370624439305
Viet Nam,2019,0.8203851726928795,0.3408870641210678,0.022398546956979567,0.659375581285156,0.2481464025679667,0.9781876308561598,0.15703679938638904,0.9290139305586792,0.67849141476737
Viet Nam,2020,0.8236405734806953,0.3355880320383396,0.028277171849547873,0.6428988922271313,0.26687106465576643,0.9846727233064676,0.15317989551394956,0.9991203134746136,0.6972621311211229
Viet Nam,2021,0.8307969756688754,0.45851221879918236,0.09252800928485284,0.8244964283135119,0.2607323815458876,0.9989290108811446,0.24265034304712893,0.976136674748169,0.7285333931059952
Viet Nam,2022,0.8279265566373376,0.5324837761959644,0.0836781241715237,0.9812894282204051,0.25297011382287626,0.99321084159756,0.296490588156032,0.9470742270129973,0.7378245992468846
Viet Nam,2023,0.8303358187942242,0.5313247640896188,0.0763394213292716,0.986310106849966,0.24752153664165774,0.9980103390612565,0.2956470004571127,0.926674390881246,0.7343491835048035
Viet Nam,2024,0.8313345931119542,0.42691696068897317,0.07391386604358186,0.7799200553343645,0.26710601948079005,1.0,0.2196537143320125,1.0,0.7268788000162044
