country,year,yield_10y,real_growth,deflator,nominal_growth,r_minus_g
USA,2020,0.89,-2.08,1.34,-0.76,1.66
USA,2021,1.44,6.15,4.56,11.0,-9.55
USA,2022,2.95,2.52,7.11,9.82,-6.86
USA,2023,3.96,2.93,3.7,6.74,-2.79
USA,2024,4.21,2.79,2.48,5.34,-1.14
JPN,2020,-0.01,-4.28,1.23,-3.11,3.1
JPN,2021,0.07,3.56,-0.04,3.52,-3.45
JPN,2022,0.23,1.33,0.64,1.98,-1.74
JPN,2023,0.56,0.72,4.57,5.32,-4.76
JPN,2024,0.92,-0.24,3.2,2.95,-2.03
DEU,2020,-0.51,-4.13,1.76,-2.45,1.94
DEU,2021,-0.37,3.91,2.7,6.71,-7.09
DEU,2022,1.14,1.81,6.41,8.34,-7.2
DEU,2023,2.43,-0.87,6.69,5.76,-3.33
DEU,2024,2.32,-0.5,3.11,2.6,-0.28
GBR,2020,0.37,-10.05,4.84,-5.69,6.07
GBR,2021,0.79,8.54,0.71,9.32,-8.53
GBR,2022,2.45,5.15,5.68,11.12,-8.67
GBR,2023,4.06,0.27,6.34,6.63,-2.58
GBR,2024,4.14,1.08,3.94,5.06,-0.92
MEX,2020,6.19,-8.35,4.62,-4.12,10.31
MEX,2021,6.85,6.05,4.49,10.81,-3.95
MEX,2022,8.93,3.71,6.67,10.62,-1.69
MEX,2023,9.19,3.11,4.68,7.93,1.26
MEX,2024,9.74,1.35,3.75,5.15,4.59
