Country,Year,Oil_Production_Million_Barrels,Gas_Production_Billion_Cubic_Meters,Coal_Production_Million_Tonnes,Oil_Exports_Million_Barrels,Gas_Exports_Billion_Cubic_Meters
Russia,2010,,,,,
Russia,2011,,,,,
Russia,2012,,,,,
Russia,2013,,,,,
Russia,2014,,,,,
Russia,2015,,,,,
Russia,2016,,,,,
Russia,2017,,,,,
Russia,2018,,,,,
Russia,2019,,,,,
Russia,2020,,,,,
Russia,2021,,,,,
Russia,2022,,,,,
Russia,2023,,,,,
Russia,2024,,,,,
Saudi Arabia,2010,,,,,
Saudi Arabia,2011,,,,,
Saudi Arabia,2012,,,,,
Saudi Arabia,2013,,,,,
Saudi Arabia,2014,,,,,
Saudi Arabia,2015,,,,,
Saudi Arabia,2016,,,,,
Saudi Arabia,2017,,,,,
Saudi Arabia,2018,,,,,
Saudi Arabia,2019,,,,,
Saudi Arabia,2020,,,,,
Saudi Arabia,2021,,,,,
Saudi Arabia,2022,,,,,
Saudi Arabia,2023,,,,,
Saudi Arabia,2024,,,,,
United States,2010,,,,,
United States,2011,,,,,
United States,2012,,,,,
United States,2013,,,,,
United States,2014,,,,,
United States,2015,,,,,
United States,2016,,,,,
United States,2017,,,,,
United States,2018,,,,,
United States,2019,,,,,
United States,2020,,,,,
United States,2021,,,,,
United States,2022,,,,,
United States,2023,,,,,
United States,2024,,,,,
China,2010,,,,,
China,2011,,,,,
China,2012,,,,,
China,2013,,,,,
China,2014,,,,,
China,2015,,,,,
China,2016,,,,,
China,2017,,,,,
China,2018,,,,,
China,2019,,,,,
China,2020,,,,,
China,2021,,,,,
China,2022,,,,,
China,2023,,,,,
China,2024,,,,,
India,2010,,,,,
India,2011,,,,,
India,2012,,,,,
India,2013,,,,,
India,2014,,,,,
India,2015,,,,,
India,2016,,,,,
India,2017,,,,,
India,2018,,,,,
India,2019,,,,,
India,2020,,,,,
India,2021,,,,,
India,2022,,,,,
India,2023,,,,,
India,2024,,,,,
Brazil,2010,,,,,
Brazil,2011,,,,,
Brazil,2012,,,,,
Brazil,2013,,,,,
Brazil,2014,,,,,
Brazil,2015,,,,,
Brazil,2016,,,,,
Brazil,2017,,,,,
Brazil,2018,,,,,
Brazil,2019,,,,,
Brazil,2020,,,,,
Brazil,2021,,,,,
Brazil,2022,,,,,
Brazil,2023,,,,,
Brazil,2024,,,,,
Indonesia,2010,,,,,
Indonesia,2011,,,,,
Indonesia,2012,,,,,
Indonesia,2013,,,,,
Indonesia,2014,,,,,
Indonesia,2015,,,,,
Indonesia,2016,,,,,
Indonesia,2017,,,,,
Indonesia,2018,,,,,
Indonesia,2019,,,,,
Indonesia,2020,,,,,
Indonesia,2021,,,,,
Indonesia,2022,,,,,
Indonesia,2023,,,,,
Indonesia,2024,,,,,
United Arab Emirates,2010,,,,,
United Arab Emirates,2011,,,,,
United Arab Emirates,2012,,,,,
United Arab Emirates,2013,,,,,
United Arab Emirates,2014,,,,,
United Arab Emirates,2015,,,,,
United Arab Emirates,2016,,,,,
United Arab Emirates,2017,,,,,
United Arab Emirates,2018,,,,,
United Arab Emirates,2019,,,,,
United Arab Emirates,2020,,,,,
United Arab Emirates,2021,,,,,
United Arab Emirates,2022,,,,,
United Arab Emirates,2023,,,,,
United Arab Emirates,2024,,,,,
