year,value
1950,24.802614
1951,23.91165
1952,25.976296
1953,27.794074
1954,30.862721
1955,33.318558
1956,34.880478
1957,35.736146
1958,37.72114
1959,38.945009
1960,40.722366
1961,42.589888
1962,43.258888
1963,45.504338
1964,46.626237
1965,46.915229
1966,45.590258
1967,47.115309
1968,45.728392
1969,44.933761
1970,43.890888
1971,44.252934
1972,44.985197
1973,44.884718
1974,44.997946
1975,44.651479
1976,44.785299
1977,46.474286
1978,47.992241
1979,49.361994
1980,49.703481
1981,47.60019
1982,47.78665
1983,48.419315
1984,48.979728
1985,53.692786
1986,56.603543
1987,58.055919
1988,59.240608
1989,60.018789
1990,61.146295
1991,62.603958
1992,62.206715
1993,62.776243
1994,63.539058
1995,64.836938
1996,65.85492
1997,65.943772
1998,67.426989
1999,69.367756
2000,70.708276
2001,74.579625
2002,79.314399
2003,85.100446
2004,89.061178
2005,92.442328
2006,96.611512
2007,98.404822
2008,95.894068
2009,96.718412
2010,91.504571
2011,87.579428
2012,83.385269
2013,81.548872
2014,78.748759
2015,76.946652
2016,77.037315
2017,76.649058
2018,75.031836
2019,74.651247
2020,77.977253
2021,77.005089
2022,74.588436
2023,71.827811
2024,69.353741
