政权/时期,Seshat PolName,起始年,终止年,存续年,复杂度,NGA
秦／西汉,Western Han,-202,9,211,Early,Middle Yellow River Valley
东汉,Eastern Han,25,219,194,Early,Middle Yellow River Valley
西晋,Western Jin,265,317,52,Early,Middle Yellow River Valley
北魏,Northern Wei,386,557,171,Early,Middle Yellow River Valley
隋,Sui Dynasty,581,617,36,Early,Middle Yellow River Valley
唐（前期）,Early Tang Dynasty,618,762,144,Early,Middle Yellow River Valley
唐（后期）,Later Tang Dynasty,763,907,144,Early,Middle Yellow River Valley
北宋,Northern Song,960,1126,166,Early,Middle Yellow River Valley
金（后期）,Later Jin,1127,1234,107,Early,Middle Yellow River Valley
元,Yuan Dynasty,1271,1367,96,Early,Middle Yellow River Valley
明,Ming Dynasty,1368,1643,275,Early,Middle Yellow River Valley
清（前期）,Early Qing,1644,1795,151,Early,Middle Yellow River Valley
清（后期）,Late Qing,1796,1912,116,Early,Middle Yellow River Valley
Peiligang,Peiligang,-7000,-5001,1999,Early,Middle Yellow River Valley
Yangshao,Yangshao,-5000,-3001,1999,Early,Middle Yellow River Valley
Longshan,Longshan,-3000,-1900,1100,Early,Middle Yellow River Valley
Erlitou,Erlitou,-1850,-1651,199,Early,Middle Yellow River Valley
Erligang,Erligang,-1650,-1251,399,Early,Middle Yellow River Valley
Late Shang,Late Shang,-1250,-1046,204,Early,Middle Yellow River Valley
Western Zhou,Western Zhou,-1045,-795,250,Early,Middle Yellow River Valley
Jin State - Spring and Autumn Period,Jin State - Spring and Autumn Period,-794,-489,305,Early,Middle Yellow River Valley
Wei State - Warring States Period,Wei State - Warring States Period,-488,-223,265,Early,Middle Yellow River Valley
Khanate of Bukhara,Khanate of Bukhara,1599,1747,148,Early,Sogdiana
